data,m,m_err,b,b_err,intscat,intscat_err,1sigma,2sigma,3sigma
COMBINED,3.5046728538158565,0.40105942697270014,2.47258237505463,0.8793612242001004,0.12140148054077941,0.009550193998785685,0.3531958336987575,0.706391667397515,1.0595875010962725
