data,m,m_err,b,b_err,intscat,intscat_err,1sigma,2sigma,3sigma
COMBINED,1.9133435466333477,0.1871355511659769,6.010580094636056,0.4051059068817864,0.019436848044749298,0.016493899831755827,0.5269931045258289,1.0539862090516579,1.5809793135774868
